/*
 Navicat Premium Data Transfer

 Source Server         : connection1
 Source Server Type    : MySQL
 Source Server Version : 50715
 Source Host           : localhost:3306
 Source Schema         : weathersystem

 Target Server Type    : MySQL
 Target Server Version : 50715
 File Encoding         : 65001

 Date: 01/07/2020 13:16:08
*/

SET NAMES utf8mb4;
SET FOREIGN_KEY_CHECKS = 0;

-- ----------------------------
-- Table structure for article
-- ----------------------------
DROP TABLE IF EXISTS `article`;
CREATE TABLE `article`  (
  `articleid` int(10) NOT NULL,
  `title` varchar(255) CHARACTER SET utf8 COLLATE utf8_general_ci NULL DEFAULT NULL,
  `author` varchar(255) CHARACTER SET utf8 COLLATE utf8_general_ci NULL DEFAULT NULL,
  `userid` int(10) NULL DEFAULT NULL,
  `content` text CHARACTER SET utf8 COLLATE utf8_general_ci NULL,
  `clicknum` int(10) NULL DEFAULT NULL,
  `status` varchar(255) CHARACTER SET utf8 COLLATE utf8_general_ci NULL DEFAULT NULL,
  `img` varchar(255) CHARACTER SET utf8 COLLATE utf8_general_ci NULL DEFAULT NULL,
  `buildtime` datetime(0) NULL DEFAULT NULL,
  PRIMARY KEY (`articleid`) USING BTREE
) ENGINE = InnoDB CHARACTER SET = utf8 COLLATE = utf8_general_ci ROW_FORMAT = Dynamic;

-- ----------------------------
-- Records of article
-- ----------------------------
INSERT INTO `article` VALUES (142, '中外科学家绘制出迄今最精确银河系结构图', 'zhangsan', 93868, '近日，中外科学家绘制出目前最精确的银河系结构图，明确银河系是一个具有4条旋臂的棒旋星系。\r\n\r\n　　银河系结构是天文学中长期悬而未决的重大科学问题。美国、德国和中国的天文学家主导成立了“银河系棒和旋臂结构遗珍巡天”重大科学计划，经过十余年研究最终破解。这是人类继认识地球和太阳系后，跨入巨大银河系的关键一步。\r\n\r\n　　历经17年，美国、德国和中国天文学家主导的重大科学研究团队绘制出迄今最精确银河系结构图，清晰地展示银河系是一个具有4条旋臂的棒旋星系。\r\n\r\n　　美国哈佛—斯密松天体物理中心资深天文学家、美国科学院院士马克·里德和南京大学天文与空间科学学院教授郑兴武联合撰写的《银河系新视野》，刊登在近日的《科学美国人》杂志上，成为封面文章。这项研究是人类继认识地球和太阳系后，跨入我们居住的巨大银河系的关键一步。\r\n\r\n　　距离遥远 观测困难\r\n\r\n　　一直未能看清银河系结构\r\n\r\n　　银河系结构是天文学中长期悬而未决的重大科学问题。\r\n\r\n　　早在1785年，英国著名天文学家赫歇尔通过恒星记数的方法，第一次提出银河系是一个由亿万颗恒星组成的扁平系统。但长期以来，这个扁平的恒星系统的内部结构一直没有人弄清楚。\r\n\r\n　　郑兴武解释，是因为银河系太大了，现代研究表明它的直径约为10万至18万光年，太阳系离银河系中心很远，且位置接近银道中心面，因此我们所看到的旋臂都重叠投影在天球上而无法分辨，同时我们又无法离开银河系，到几百万光年以外的宇宙空间来回眸银河系，恰如“不识庐山真面目，只缘身在此山中”。\r\n\r\n', 6, '已通过审核', '/asserts/img/articleImg/small32f115ed6caaff1bdf4e395c7615333f1592234233.jpg', '2020-06-30 02:24:58');
INSERT INTO `article` VALUES (4320, '石笋研究揭示撒哈拉曾是绿色地貌', 'wangwu', 3189, '西安交通大学全球环境变化研究院教授程海和合作者一起，研究了摩洛哥西南部温丁都因洞穴内3种石笋，其中记录了北非数千年的气候历史。他们由此揭示了数千年前，远在摩洛哥北部的撒哈拉沙漠更加湿润、植被更加繁茂。相关成果近日发表于《地球物理研究通讯》。\r\n\r\n　　数千年前，北非有充足的雨水，撒哈拉是一片湖泊而非沙漠。人类在绿色的地貌中捕猎大型动物，并在洞穴墙壁上描绘他们胜利的场景。研究人员已经拼凑出撒哈拉变绿的大致轮廓，这种变绿在距今9000~6000年前达到顶峰。但他们不知道绿色的撒哈拉向北延伸了多远，也不知道它在北部边缘延伸了多长时间。\r\n\r\n　　现在，来自摩洛哥洞穴的石笋充分展示了这个郁郁葱葱的环境。这些岩石层中的氧同位素保存了该地区过去11500年的降雨记录。研究表明，当地在大约9000年前开始多雨，在大约4000年前开始干旱。这些岩层证实了西非夏季季风向北延伸到了洞穴。科学家现在可以利用这些信息更好地了解整个地区的天气模式。', 17, '已通过审核', '/asserts/img/articleImg/small117c84b2f427c981bf33184c1c5c4bb91564193581.jpg', '2020-06-30 02:30:27');
INSERT INTO `article` VALUES (22106, '古人笔下的雪', 'wangwu', 3189, '　中国人对雪，自古以来便有着多重感受，许多关于雪的故事与想象，镶嵌在我们的记忆中，闪烁着深深浅浅的无法抹去的色彩。\r\n\r\n　　从《诗经》中的“雨雪霏霏”，到《唐诗》里的“千树万树梨花开”，晶莹剔透的雪花在诗词文章中纷飞了百年千年。读到李白的“雪花大如手”“燕山雪花大如席”，心中颇感疑惑：难道千年前的雪，如此气势磅礴？转而一想，也许是苍茫的北国雪，抑或是诗人的故意夸张罢了。\r\n\r\n　　提到北国雪，不能不说天山雪。巍巍天山似乎与生俱来就与雪有着密切的关系，历史上它曾有过“白山”“雪山”等名字。晋代山水诗人谢朓冬日见雪，即赋诗曰“飞雪天山来，飘聚绳棂外”（《答王世子诗》），诗仙李白说“白雪初下天山外，浮云直上五原间”（《从军行》），唐人董思恭的《咏雪》则道“天山飞雪度，言是落花朝”。在诗人们眼中，冬日那飘飘洒洒给神州大地披上银装，送去玉树琼花的是来自天山的飞雪，天山是雪的故乡。\r\n\r\n　　在文学表现上，“天山雪”作为一个固定的意象进入诗人的语汇源于汉朝苏武的故事。汉武帝天汉元年（公元前100 年），苏武以中郎将的身份持节出使匈奴，遭遇变故被扣。单于想要招降苏武，借以贬抑汉朝声威，但苏武忠心赤胆，宁死不降。单于还不死心，又将其幽置于大窖中，禁绝饮食，欲借饥寒迫他就范。\r\n', 11, '已通过审核', '/asserts/img/articleImg/small1d9396fcbfdb116c8d454d8a23738cf41572794298.jpg', '2020-06-30 02:30:10');
INSERT INTO `article` VALUES (25625, '海底也会下雪？', 'zhangsan', 93868, '海洋表面波涛汹涌，而深邃的海底除了漆黑一片，是否也会呈现其他景观呢？其实，深海之下也有另外一番景致，那就是一年四季不停飘落的“海雪”。\r\n\r\n　　美国的一位海洋生物学家在乘深潜器在大洋深处考察时，发现探照灯所照之处的海水中，映射出雪花纷飞的景象。后来越来越多的海洋生物学家在深海考察时，也见到了类似的“雪景”。\r\n\r\n　　事实上，形成“海雪”的物质并非冰晶物，而是大海中的悬浮物。科学家发现，“海雪”不仅是浮游生物，海水中大量生物死亡分解后的碎屑、海洋生物的排泄物、大陆水流带来的颗粒等都可以作为合成“海雪”的原料。\r\n\r\n　　那么，这些颗粒为什么看起来像雪花一样“纷纷扬扬”呢？\r\n\r\n　　原来，海水中有一种光合细胞，在代谢过程中会生成一种像蜘蛛丝一样具有很高黏度的营养物质——黏多糖。这些颗粒在海水中相互碰撞结合，并形成大型絮状悬浮物。当它们结合到足够大时，就会慢慢下沉，如同片片雪花飘落。\r\n\r\n　　此外，又由于光的折射作用，水中的物体看起来比实际的要大，所以悬浮物质看起来像雪花一样。加上悬浮物与海水比重差不多，能在海水中随流飘荡，所以展现在人们眼前的仿佛是雪花飞舞。', 0, '审核未通过', '/asserts/img/articleImg/small1d9396fcbfdb116c8d454d8a23738cf41572794298.jpg', '2020-06-30 02:25:20');
INSERT INTO `article` VALUES (27220, '有一种石头，它怕冻', 'zhangsan', 93868, '　有一种冻一冻就粉身碎骨的石头，对黄河下游河道危害极大，你信吗？\r\n\r\n　　这种石头的名字叫砒砂岩。从5.7亿年前的古生代开始，今天内蒙古、陕西、山西等地在一阵上升一阵下沉的地质运动中，形成了一种不伦不类、奇葩无比的石头。因为沉积物不同，成岩的环境不同，砒砂岩的颜色很丰富，就像调色盘一样五颜六色。跟别的石头一样，在没遇到外力侵扰时，砒砂岩很坚固。但是它有个特性，只要一碰到水立刻就会土崩瓦解，变成一滩泥沙。\r\n\r\n　　砒砂岩存在的地区，夏季经常有集中的大暴雨，冬夏温差大，冬天还经常刮大风。因此，怕冷、怕水和怕风的砒砂岩就会发生水力侵蚀、风力侵蚀、冻融侵蚀，还有重力侵蚀，形成多种力相互交叉作用的复合侵蚀现象。而且，这种石头被侵蚀后，从石头变成的泥沙颗粒大部分都很粗，一旦跑到黄河里，就会淤积在下游河道。\r\n\r\n　　据调查，这种石头的分布面积约为1.67万平方公里，约占黄河流域面积的2%。但是，可不要小看这2%，它每年产生的粗泥沙量大约占到黄河下游河道多年平均淤积量的1/4，对黄河下游河道的危害非常大。\r\n\r\n　　砒砂岩不像别的石头有着单一的组织成分，它内部有很多种矿物，还有小部分水分。每年冬天，当寒冷袭来，砒砂岩孔隙中存在的水就会结成冰，体积膨胀，这一膨胀就造成结构改变，石头变得有些疏松了。而等第二年春天来临时，这些冰又会随着温度的升高而融化。当然，砒砂岩孔隙里的冰融化之后，砒砂岩已变得疏松的结构再也不可能回到原始状态。\r\n\r\n　　当致密的砒砂岩变得疏松，在风力作用下，砒砂岩的身体就会逐渐粉碎，然后在重力作用下，粉碎后的砒砂岩就会逐渐剥落，从石头变成一片片石头碎屑，等到夏天暴雨来袭，转眼间就变成了沙子，被输送到黄河里，给下游造成灾难。\r\n', 0, '已通过审核', '/asserts/img/articleImg/small91267fd2afb33e78100cac86cfd9c9d91546514816.jpg', '2020-06-30 02:25:50');
INSERT INTO `article` VALUES (32551, '汨罗江江水缘何倒流？', 'zhangsan', 93868, '公元前278年，秦将白起攻陷楚国都城郢。在洞庭湖畔、汨罗江边，一位“颜色憔悴、形容枯槁”的老人听到秦人入郢的消息后，悲从中来，哀叹“惟郢路之辽远兮，江与夏之不可涉”，感到救国无望，于是自投汨罗江而死。\r\n　　这位老人就是屈原，他投江这一天正是农历五月初五。\r\n　　根据民间传说，汨罗江下游沿江十几个村落的渔民闻此噩耗，纷纷驾着自家捕鱼的小船去打捞，却没有找到屈原的遗体。直到第十天，三家墩（今湖南省岳阳市屈原区河市镇三合村——屈子祠对岸相望处）的渔民才把屈原的尸体打捞上来。\r\n　　根据打捞地点推测，屈原投江后遗体并没有沿着江水漂到下游，反而是逆行30里到了上游。这不可不谓奇事一桩，难道汨罗江的江水能够倒流？\r\n　　故事还得从汨罗江的地理位置说起。汨罗江发源于江西省修水县幕阜山脉黄龙山梨树埚，全长253公里，流域面积达5543平方公里，最终汇入洞庭湖，是东洞庭湖滨湖区最大的河流。汨罗江分为南北两支，南支称汨水，为主源；北支称罗水，至汨罗市屈谭汇合称汨罗江。在汨罗江口有一个深潭，名为河伯潭。河伯潭古称罗渊，又名屈潭，潭边立有一块石碑，相传屈原就是在此投江。《水经注·湘水》载：“汨水又西为屈潭，即汨罗渊也。屈原怀沙自沉于此，故渊潭以屈名。”\r\n　　看来河伯潭就是当年屈原沉江的地方，但是江水倒流究竟是民间传说还是确有其事呢？\r\n　　以科学常理推断，江水是绝不可能倒流的，但真相往往出人意料。\r\n　　汨罗市气象局曾对近几年汨罗江流域的暴雨特征进行分析，结果发现每年端午节前后，汨罗江暴雨过程最多，占全年一半以上。当地老百姓将这种端午节前后突然出现的洪水称为“端阳水”。我国河流众多，端午期间突发暴雨洪水并没有什么怪异之处，但与此同时另一件让人匪夷所思的事情发生了：在端阳水泛滥期间，原本顺流的汨罗江竟会开始倒流。\r\n', 1, '已通过审核', '/asserts/img/articleImg/dd9fdc8a9bce2e196281051bc1891360.jpg', '2020-06-30 02:24:06');
INSERT INTO `article` VALUES (34894, '北大西洋洋流可能在下一世纪“暂停”', 'wangwu', 3189, '长久以来，北大西洋洋流将暖流从墨西哥湾输送到欧洲，为西北欧的大部分地区提供了相对温和的气候。但是，科学家怀疑格陵兰的冰川融水和过多的降雨会干扰这种洋流。格罗宁根大学和乌得勒支大学的科学家进行的模拟显示，由于北大西洋上空降水的微小而迅速的变化，目前洋流不可能完全停止。但是，在未来100年内，北大西洋洋流有15％的可能性中断。该结果于2019年12月30日发表在《科学报告》杂志。\r\n\r\n　　格罗宁根大学副教授弗雷德·伍布斯说：“海洋储存了大量的能量，洋流对地球的气候有很大的影响。” 他与乌得勒支大学的同事一起研究洋流已有20年了。\r\n\r\n　　海洋科学家发现，大西洋洋流对地表淡水量有敏感反应。由于气候变化，格陵兰岛的融水径流增加了，海洋上的降雨也增加了，因此有人认为这可能会减缓甚至逆转北大西洋洋流，从而阻止热量向欧洲输送。\r\n\r\n　　淡水对水流影响的模拟已经进行了数十年。伍布斯希望使用模型来估计淡水输入量的波动导致北大西洋洋流暂时减速或完全崩溃的可能性。两者的相关性是非线性的，这意味着小的变化可能会产生很大的影响。\r\n', 15, '已通过审核', '/asserts/img/articleImg/small5e4911c7c44d251ee030cfafe36603941574350331.jpg', '2020-06-30 02:29:53');
INSERT INTO `article` VALUES (37977, 'w45r', 'zhangsan', 93868, 'ertewrtew', 1, '已通过审核', '/asserts/img/articleImg/c3b995f1c15ec9c016fcdca56cffb147.jpg', '2020-06-30 12:31:07');
INSERT INTO `article` VALUES (47480, '蝴蝶效应，最出圈的科学理论', 'lisi', 42468, '“可预测性：巴西某只蝴蝶闪动一下翅膀会引发美国得克萨斯的一场飓风吗？”\r\n　　——1972年第139届美国科学促进会年会上，在气象学家爱德华·洛伦兹打算以“可预测性”为题发表一次演讲之前，他的同事菲利普·梅里莱斯建议将题目换成这样一个浪漫主义风格。\r\n　　当然，世界上并不存在这只真正的蝴蝶掀起风暴。这只是一个精妙无比的比喻而已。\r\n　　追溯到十几年前，1961年，洛伦兹想利用当时的计算机进行有关天气预报的一系列计算。当时计算机原始而缓慢，第一次计算结束后，洛伦兹改从程序中间开始执行第二次计算。在楼下喝了一杯咖啡后，洛伦兹回到工作中，却被计算结果所震惊：第二次计算产生的结果跟第一次完全不一样。也就是说，一个初始值的极微小的扰动就会造成系统巨大变化。\r\n　　两年后，1963年，他将研究成果写成论文《决定性的非周期流动》提交到纽约科学院。在最初的比喻中，“蝴蝶”尚未出现，洛伦兹形容是一只海鸥扇动翅膀足以永远改变天气的变化。\r\n　　而1972年这次演讲，富有诗意的“蝴蝶”意象的比喻，将混沌学理论从专业小圈子推向了社会公众。巧合是，洛伦兹用来模拟气象变化的图形出现混沌现象时，看起来就十分像一只蝴蝶张开双翅。\r\n　　事实证明，一个富有戏剧性的名称或者故事对于科学理论的传播也有巨大加持，诸如牛顿的苹果、薛定谔的猫，洛伦兹的蝴蝶也表现优异，人们很容易就会想象到那个画面，比茫茫的“混沌”要好理解得多。笔者在某论文库检索这个词语，会发现其应用已经扩展到了社会学、教育学、心理学、经济学、传播学、文学、医学等领域，甚至某个城市旅游品牌打造也与此相关。当然，随着理论的传播，误解也随之扩散，比如有人将其与“骨牌效应”等同。', 0, '审核中', '/asserts/img/articleImg/smallbd660668c58757db095539ffe7962af01584626514.jpg', '2020-06-30 02:26:44');
INSERT INTO `article` VALUES (53614, '看见撒旦的发货尽快开始', '111', 84264, '2121', 10, '已通过审核', '/asserts/img/articleImg/7fc897c46e107a400579f9e81dd0a04b.jpg', '2020-06-30 00:35:13');
INSERT INTO `article` VALUES (58210, '雷声大雨点小', 'lisi', 42468, '如果大气比较稳定，只有小股冷空气来的较急较弱，或者局地对流天气导致放电，因为大环境湿度不大，放电的通道直径较小，所以音频相对较高；而且因天气系统移动速度较快，由于多普勒效应，使之听来音频也会高些。所以雷声比较响亮、音量较高。这种天气一般降雨量不大，或为雷阵雨，或者云雷匆匆而过甚至没有雨。故而有“雷声大雨点小”和“干打雷不下雨”的情况。', 0, '审核中', '/asserts/img/articleImg/f2d9dcab696873df8c20432887ed235f.jpg', '2020-06-30 02:28:10');
INSERT INTO `article` VALUES (69663, '热潮汐致金星大气旋转比地球快？', 'zhangsan', 93868, '金星是离太阳第二近的行星，金星大气层会发生怪异旋转，而且旋转速度比金星自转速度快得多。这颗炙热的行星需要243个地球日才能完成一次自转，而金星大气只需要4个地球日就可以完成一次绕金星的自转。虽然在我们地球上，大气也会流动，但速度并没有这么快。\r\n\r\n　　科学家一直在思考这种大气超级旋转现象，最近的一项研究可能破解了金星云层的密码。近期发表在《科学》杂志上的这项研究表明，金星大气自转速度远高于地球等其他行星的原因在于热潮汐。热潮汐的形成是由于太阳在金星的昼侧加热而形成的。\r\n\r\n　　2010年5月，日本宇宙航空研究开发机构（JAXA）发射了金星气候轨道飞行器，以探索金星大气层。该航天器于2015年12月开始绕金星运行。科研团队通过航天器上的紫外线和红外线照相机捕捉到的图像来跟踪云和风速，以绘制金星的风和大气中热量循环的方式。在分析了数据之后，科学家们注意到一种由金星赤道附近由太阳加热引起的大气压力变化，即热潮汐。金星上的平均气温是462℃，但高层大气的温度会降低，范围为-43℃到-173℃。金星上的热潮汐加速了低空大气的旋转速度，使它的速度比行星本身快得多。', 1, '已通过审核', '/asserts/img/articleImg/9cb9e27fb4184d1ce7df6dfa1e6813c6.jpg', '2020-06-30 02:23:38');
INSERT INTO `article` VALUES (70497, '太阳系外缘新发现上百颗小型行星', 'wangwu', 3189, '据美国《新闻周刊》网站近日报道，一个国际研究小组分析“暗能量调查”（DES）项目4年收集的数据后得出结论称，他们在海王星轨道外的太阳系外缘发现了139个先前未知的小型行星，新发现或有助于科学家找到假想中的太阳系第九颗行星——“行星九”（Planet Nine）。\r\n\r\n　　DES的主要目标是研究暗能量的性质，暗能量据信是导致宇宙加速膨胀的“幕后推手”。研究人员称，尽管DES的“主业”并非寻找小型行星，但事实证明，它收集的数据对完成此类任务特别有用。小型行星指围绕太阳运行的、不成熟的行星或彗星，如矮行星或小行星等。\r\n\r\n　　研究人员在《天体物理学杂志增刊》上撰文称，他们在海王星轨道外共发现了316个天体，这些天体被称为“跨海王星天体”（TNOs），其中139个以前从未被发现。这些天体距太阳约30—90天文单位（1天文单位相当于地球与太阳的距离，约为1.5亿公里）。\r\n\r\n　　科学家已知大约3000个跨海王星天体，包括小行星、彗星和矮行星，其中最著名和最大的是矮行星冥王星，它距太阳约40天文单位。\r\n\r\n　　研究人员表示，新发现的这些跨海王星天体可以帮助揭示一些宇宙奥秘，例如距太阳数千万公里的假想天体——“行星九”或“行星X”（Planet X）。\r\n\r\n　　2016年，两位科学家提出“行星九”来解释一簇跨海王星天体异常的高椭圆形轨道。他们认为，太阳系动力学的正常模型无法解释这种奇怪的轨道集合，但迄今为止，科学家一直未曾发现“行星九”真实存在的直接证据。\r\n\r\n　　DES于2013年8月开始对南部天空成像，并在2019年初完成数据收集工作。DES使用位于智利托洛洛山美洲天文台的520兆像素暗能量相机来记录3亿多个星系的数据。', 0, '审核未通过', '/asserts/img/articleImg/9b6ab2b09ed881032ebb6bdf65159ba5.jpg', '2020-06-30 02:31:05');
INSERT INTO `article` VALUES (74147, '疫情致观测数据减少 或影响天气预报质量', 'lisi', 42468, '近日，世界气象组织（WMO）发布消息称，全球航班锐减使得通过飞机监测到的气象数据大幅减少，在许多仍然需要依靠人工观测的发展中国家，气象观测员所面临的困难也越来越多。然而，灾害性天气并不会因为疫情而中止，各国仍需重视预警和天气观测能力。\r\n　　WMO“全球观测系统”是其193个会员国和会员地区向公众提供所有天气和气候服务、产品的支柱。该系统通过陆基、海基和天基观测网络，提供大气和海表状况的观测数据，这些数据则用于天气分析、预报预警和决策服务等。然而，新冠肺炎疫情（COVID-19）正在对天气观测数据和预报产品的数量和质量，以及大气与气候监测产生影响。\r\n　　“尽管面临冠状病毒流行病带来的严峻挑战，各国气象和水文部门仍在全天候继续履行其基本职能。我们对其保护人民群众生命和财产安全的奉献精神表示敬意，但同时也注意到气象部门的能力和资源正在受到越来越多的限制。”WMO秘书长佩蒂瑞·塔拉斯说。\r\n　　“气候变化产生的影响仍在持续，与天气相关的自然灾害也在增加，而新冠肺炎疫情带来了额外的挑战，并可能使一个国家面临多种灾害的风险加剧。因此，尽管出现了新冠肺炎疫情危机，各国政府仍须重视本国的预警和天气观测能力。”塔拉斯说。\r\n　　航空气象数据\r\n　　事实上，有些观测系统的组成部分已经受到影响，其中最值得关注的是，航空运输量的显著减少已经产生了显著影响。\r\n　　民航商用航班利用机载传感器、计算机和通信系统来收集、处理气象观测数据，并通过卫星或无线电网络传输到地面站。飞机飞行途中获取的环境温度、风速和风向等观测数据对于天气预报和气候监测来说是非常重要的信息源，WMO的“飞机气象数据中继计划”（AMDAR）观测系统一般每天可产生70多万条高质量的气温、风速和风向观测数据。\r\n', 0, '审核中', '/asserts/img/articleImg/smallb697d5151487ef327751127c10d7d6b81554126188.jpg', '2020-06-30 02:28:38');
INSERT INTO `article` VALUES (88535, '数说强对流①：雷电——既熟悉又陌生的天气', 'lisi', 42468, '随着天气转暖，雷暴、冰雹、大风、短时强降水等强对流天气开始轮番造访。轰隆隆的雷声吓得孩子们惊慌失措、狂轰乱炸的冰雹害惨了农民，突然增强的大风吹得人们措手不及……\r\n\r\n　　这些天气有一个共性，就是都能在短时间内释放出强大的能量，这就是强对流家族的特性。如何防这些都是“暴脾气”的强对流天气呢？首先我们得了解它。今天我们就从最常见的雷暴开始说起吧。\r\n\r\n　　雷电缘何而起？\r\n\r\n　　在我国古代神话传说中，雷公主管打雷，电母是司掌闪电，二者经常一起出现。实际上，天气现象中它俩也是组合出现的，我们将这一组合称为雷电，它是伴有闪电和雷鸣的一种大气放电现象，通常也会伴随瓢泼大雨和冰雹，气象上将这个大气放电过程称为雷暴。\r\n\r\n　　雷电是由发展旺盛的积雨云引起闪电雷鸣的现象，积雨云中的小水滴和冰晶相互之间高度碰撞使云体带上电荷，当不同云体之间和云体和地面之间的正负电荷差达到一定程度时就会产生放电现象。雷电可分为云闪和地闪，云闪可发生在两个云层之间、单一云层内部以及云层和周围空气之间。地闪则是发生在云层和地面之间，实际上，只有20%的闪电会击中地面。万变不离其宗，负电荷区和正电荷区永远遵循着异性电荷相互吸引的原则。', 2, '已通过审核', '/asserts/img/articleImg/c3b995f1c15ec9c016fcdca56cffb147.jpg', '2020-06-30 02:27:20');
INSERT INTO `article` VALUES (94817, '生态记忆改变极端气候累积影响', 'wangwu', 3189, '多彩的珊瑚还有希望。在极端气温中幸存下来、没有白化的珊瑚，当温度再次变暖后抵抗白化的能力也会更强。\r\n\r\n　　2016年白化事件造成大堡礁珊瑚大规模死亡，北部珊瑚礁受影响最大，该区部分位置甚至再无珊瑚生长。到了2017年，大堡礁附近海水温度虽比2016年更高，但珊瑚死亡率却较低，主要是因为2016年事件中，较脆弱珊瑚已被高温杀死，剩余的都是较强壮、抗热珊瑚品种，而这亦改变了当地珊瑚品种组合。\r\n\r\n　　研究人员称之为“生态记忆”，并将其定义为过去如何影响当前生态系统发展的能力。生态记忆对于理解物种如何应对人为气候变化反应至关重要。\r\n\r\n　　如今，气候变化已彻底改变极端天气事件出现频率、强度和持续时间。随着每次事件发生间隔缩短，生态系统对每次新事件的反应，越来越可能取决于近期所受的影响。\r\n\r\n　　论文标题：Ecological memory modifies the cumulative impact of recurrent climate extremes\r\n\r\n　　发表期刊：《自然气候变化》（Nature Climate Change），2018年12月（计入2019年度）', 14, '已通过审核', '/asserts/img/articleImg/small773d229811a7b0b2b7dd85e81583a2471546520816.jpg', '2020-06-30 02:30:44');
INSERT INTO `article` VALUES (95785, '立夏麦咧嘴 不能缺了水', 'lisi', 42468, '一般来说，从立夏开始气温会明显升高，农作物也进入旺季生长时期，这时候该注意哪些问题呢。\r\n\r\n　　立夏以后，华北、西北等地气温回升很快，降水不多，加上春季多风，蒸发强烈，土壤干旱常严重影响农作物正常生长，尤其干热风极易导致减产，适时灌水是抗旱防灾的关键措施。农谚说，立夏时节“麦浇开花灌浆水，防治锈病和麦蚜”，“立夏麦咧嘴，不能缺了水。”此外立夏时节杂草生长快，“一天不锄草，三天锄不了”。 而这个时期，江南正式进入雨季，雨量和雨日均明显增多，小麦最易感染赤霉病，要抓紧在始花期到盛花期喷药防治。', 0, '审核中', '/asserts/img/articleImg/small2bffcbb0dc229adce86c518c879e53011559399434.jpg', '2020-06-30 02:27:01');
INSERT INTO `article` VALUES (96316, '“看云识天气”谚语准不准？', 'lisi', 42468, '问：在缺乏天气预报设备的古代，人们根据云的形状、来向、颜色等变化，总结出了丰富的看云识天气的气象规律，变成气象谚语口口相传。直到今天，不少天气谚语还广泛使用于日常生活中，预报未来天气变化，比如“早霞不出门，晚霞行千里”“东虹日头西虹雨”等等。不过，这些气象谚语常会出现“时灵时不灵”的情况。看云识天气，我们到底该如何取舍？\r\n\r\n　　答：人类在千百年来一直试图预测天气。不论是要耕种的农民，还是从事贸易的商贾，能否预知未来的天气是成败得失的关键。应该承认，老祖宗总结的这些谚语，有一定的科学性。古人经过不断地观察，再配合反复地实证，用现在时髦的话说，气象谚语是古人利用“大数据”总结出来的，凝结了古人认识自然的智慧。\r\n\r\n　　有许多谚语指示天气，“早霞不出门，晚霞行千里”指的是夏季早上，低空空气稳定、少尘埃，如果有鲜艳的红霞，这表示大气中的水汽和小水滴增多，随着太阳升高，热力对流逐渐向平地发展，云层也会渐密，坏天气将逐渐逼近，这就是“早霞不出门”的原因；而晚霞主要是由尘埃等干粒子散射阳光所致，出现晚霞，说明西方天气比较干燥，按照气流由西向东移动的规律，未来本地的天气不会转坏，所以有“晚霞行千里”的说法。另外，大红、金黄色的晚霞，常常表明大气稳定度向好。\r\n\r\n　　“东虹日头西虹雨”，虹见于东，则预示降雨远去，天气开始放晴；虹见于西，则是下雨的预兆。原来，我们所处的温带是西风盛行的区域，降雨云大多由西向东移动。尤其是盛夏午后或傍晚降雷阵雨时，常常可以看见雷雨云在西风的推动下，由西方迅速东移。这时西方天空很快晴朗并露出太阳。当阳光照射到东方正在下降的雨滴和浓密的水汽时，东方天空便出了彩虹。西虹的出现，恰恰与东虹相反。时间一般为上午，东方晴朗无云，而西方有雨云并有阵雨下降，在太阳的照射下会出现西虹。由于西风推动，西方的雷雨云会随风迅速东移，所以西虹的出现是下雨的预兆。因为“东虹日头西虹雨”中的“东虹日头”现象出现在傍晚，而“西虹雨”现象则发生在上午，所以也有“晚虹晴，朝虹雨”的说法。\r\n', 0, '审核中', '/asserts/img/articleImg/6407071345cbdb5846de1014cc251eab.jpg', '2020-06-30 02:27:47');
INSERT INTO `article` VALUES (96634, '还原土壤可吸收大量二氧化碳', 'wangwu', 3189, '　近日，刊登在《自然-可持续发展》的一项新研究称，如果全球的土壤得到恢复并保护得当，它们每年可以吸收五十多亿吨二氧化碳，这几乎相当于美国全年的碳排放量。\r\n\r\n　　这项研究分析了土壤碳固存的潜力，如果管理得当，土壤可以吸收陆地上的四分之一碳。研究认为，那些持续遭到破坏的生态系统大部分与扩大农业生产有关，因此减缓或停止这种扩张是一个重要的策略。土壤修复将为人类带来重大的共同利益，包括改善水质、粮食生产和作物恢复能力。\r\n\r\n　　IPCC在去年8月表示，在如何使用土地（地球的森林、湿地、大草原和农田）提供食物和材料以及如何利用它们减缓气候变化方面，人类面临着艰难的选择。\r\n\r\n　　研究指出，各国政府需要确保农业不仅能提供粮食，还应该将农业的激励结构转移到可以为社会提供的生态系统服务、粮食、气候、水和生物多样性等方面。', 0, '审核中', '/asserts/img/articleImg/6407071345cbdb5846de1014cc251eab.jpg', '2020-06-30 02:31:29');

-- ----------------------------
-- Table structure for user
-- ----------------------------
DROP TABLE IF EXISTS `user`;
CREATE TABLE `user`  (
  `userid` int(10) NOT NULL,
  `password` varchar(255) CHARACTER SET utf8 COLLATE utf8_general_ci NULL DEFAULT NULL,
  `username` varchar(255) CHARACTER SET utf8 COLLATE utf8_general_ci NULL DEFAULT NULL,
  `usertype` varchar(255) CHARACTER SET utf8 COLLATE utf8_general_ci NULL DEFAULT NULL,
  `phone` varchar(255) CHARACTER SET utf8 COLLATE utf8_general_ci NULL DEFAULT NULL,
  PRIMARY KEY (`userid`) USING BTREE
) ENGINE = InnoDB CHARACTER SET = utf8 COLLATE = utf8_general_ci ROW_FORMAT = Dynamic;

-- ----------------------------
-- Records of user
-- ----------------------------
INSERT INTO `user` VALUES (3189, 'wangwu', 'wangwu', '0', '13283212115');
INSERT INTO `user` VALUES (5374, 'aaa', 'aaa', '0', '18377751940');
INSERT INTO `user` VALUES (5488, 'floye', 'floye', '0', '13283212115');
INSERT INTO `user` VALUES (19098, 'lisa', 'lisa', '0', '18377751941');
INSERT INTO `user` VALUES (32918, 'bbb', 'bbb', '0', '13283212115');
INSERT INTO `user` VALUES (42468, 'lisi', 'lisi', '0', '18377751940');
INSERT INTO `user` VALUES (75978, 'leeza', 'leeza', '1', '1837775194');
INSERT INTO `user` VALUES (93868, 'zhangsan', 'zhangsan', '0', '18377751941');
INSERT INTO `user` VALUES (96804, 'zhaosi', 'zhaowu', '0', '18377751940');

-- ----------------------------
-- Table structure for view
-- ----------------------------
DROP TABLE IF EXISTS `view`;
CREATE TABLE `view`  (
  `viewid` int(10) NOT NULL,
  `viewname` varchar(255) CHARACTER SET utf8 COLLATE utf8_general_ci NULL DEFAULT NULL,
  `belongcity` varchar(255) CHARACTER SET utf8 COLLATE utf8_general_ci NULL DEFAULT NULL,
  `correweather` varchar(255) CHARACTER SET utf8 COLLATE utf8_general_ci NULL DEFAULT NULL,
  `introduction` text CHARACTER SET utf8 COLLATE utf8_general_ci NULL,
  `viewimg` varchar(255) CHARACTER SET utf8 COLLATE utf8_general_ci NULL DEFAULT NULL,
  PRIMARY KEY (`viewid`) USING BTREE
) ENGINE = InnoDB CHARACTER SET = utf8 COLLATE = utf8_general_ci ROW_FORMAT = Dynamic;

-- ----------------------------
-- Records of view
-- ----------------------------
INSERT INTO `view` VALUES (1377, '北京故宫', '北京', '多云', '故宫是每个中国人一生必去的地方之一，这里是中国古代宫廷建筑的精华所在，曾是明清两代皇帝的皇家宫殿，所以它代表着至高无上的权利，现在已经成为了世界文化遗产之一，景区内部建筑保存完好，在故宫中游览你可以完全感受到当时宫廷的肃穆庄严和繁盛。\r\n\r\n　　门票：旺季(4月1日~10月31日)：60.00元 淡季(11月1日~3月31日)\r\n\r\n　　开放时间：1. 旺季(4月1日~10月31日)：08:30~17:00 停止售票时间：16:00 停止入场时间：16:10 2. 淡季(11月1日~3月31日)：08:30~16:30 停止售票时间：15:30 停止入场时间：15:40 Tips：除法定节假日和暑期(7月1日~8月31日)外，故宫博物院全年实行周一下午闭馆的措施。每周一开馆时间为08:30~12:00，停止售票时间为11:00，停止检票时间为11:10，闭馆时间为12:00。\r\n\r\n　　地址：北京市东城区景山前街4号', '/asserts/img/viewImg/small3bb6c645c7922a9027dac1e08fd3777e1567645553.jpg');
INSERT INTO `view` VALUES (2961, '.呼伦贝尔大草原', '呼伦巴尔', '晴', '呼伦贝尔大草原一直都是中外闻名的旅游胜地，这里的环境生态保存完好，被称为“牧草王国”，草原干净纯粹、一望无际，大片的绿色净土使到此游玩的游客心旷神怡，感受天之大，世界十大，可以使人忘却自己的烦恼。\r\n\r\n　　门票：20.00元\r\n\r\n　　开放时间：全天开放\r\n\r\n　　地址：内蒙古呼伦巴尔市陈巴尔虎旗', '/asserts/img/viewImg/small88a0c2293416705dd1df2a618169d9ba1572793475.jpg');
INSERT INTO `view` VALUES (10436, '桂林漓江', '桂林', '晴', '桂林漓江风景区中有着“桂林山水甲天下”的精华，漓江本身仿佛一条青色的缎带蜿蜒在山谷之中，坐船游江是最好的感受漓江美的方法，你可以看到两侧奇峰倒影，层峦叠嶂，，被人们称作“百里画廊”。\r\n\r\n　　门票：旺季(4月~11月)：210.00元 淡季(12月~3月)：190.00元\r\n\r\n　　开放时间：旺季(4月~11月)：08:40~22:40 淡季(12月~3月)：08:40~21:40\r\n\r\n　　地址：桂林市东北兴安县猫儿山', '/asserts/img/viewImg/smallb697d5151487ef327751127c10d7d6b81554126188.jpg');
INSERT INTO `view` VALUES (15684, '香格里拉', '香格里拉', '晴', '香格里拉的天空号称是全国最美的天空之一，这里的空气十分清新，被称为离天堂最近的地方。浓郁的藏族民族特色也是香格里拉很吸引人的一点，广阔的草坪，神圣的雪山，幽深的峡谷，宁静的湖泊可以让你看到世界之大，忘却一切烦恼。\r\n\r\n　　门票：免费\r\n\r\n　　开放时间：全天\r\n\r\n　　地址：云南省西北部，邻接四川省', '/asserts/img/viewImg/6407071345cbdb5846de1014cc251eab.jpg');
INSERT INTO `view` VALUES (22257, '桂林漓江', '桂林', '阴', '桂林漓江风景区中有着“桂林山水甲天下”的精华，漓江本身仿佛一条青色的缎带蜿蜒在山谷之中，坐船游江是最好的感受漓江美的方法，你可以看到两侧奇峰倒影，层峦叠嶂，，被人们称作“百里画廊”。\r\n\r\n　　门票：旺季(4月~11月)：210.00元 淡季(12月~3月)：190.00元\r\n\r\n　　开放时间：旺季(4月~11月)：08:40~22:40 淡季(12月~3月)：08:40~21:40\r\n\r\n　　地址：桂林市东北兴安县猫儿山', '/asserts/img/viewImg/smallb697d5151487ef327751127c10d7d6b81554126188.jpg');
INSERT INTO `view` VALUES (23164, '北京故宫', '北京', '阴', '故宫是每个中国人一生必去的地方之一，这里是中国古代宫廷建筑的精华所在，曾是明清两代皇帝的皇家宫殿，所以它代表着至高无上的权利，现在已经成为了世界文化遗产之一，景区内部建筑保存完好，在故宫中游览你可以完全感受到当时宫廷的肃穆庄严和繁盛。\r\n\r\n　　门票：旺季(4月1日~10月31日)：60.00元 淡季(11月1日~3月31日)\r\n\r\n　　开放时间：1. 旺季(4月1日~10月31日)：08:30~17:00 停止售票时间：16:00 停止入场时间：16:10 2. 淡季(11月1日~3月31日)：08:30~16:30 停止售票时间：15:30 停止入场时间：15:40 Tips：除法定节假日和暑期(7月1日~8月31日)外，故宫博物院全年实行周一下午闭馆的措施。每周一开馆时间为08:30~12:00，停止售票时间为11:00，停止检票时间为11:10，闭馆时间为12:00。\r\n\r\n　　地址：北京市东城区景山前街4号', '/asserts/img/viewImg/small3bb6c645c7922a9027dac1e08fd3777e1567645553.jpg');
INSERT INTO `view` VALUES (30534, '丽江', '丽江', '小雨', '丽江市区中心海拔高度为2418米，与同为第二批国家历史文化名城的四川阆中、山西平遥、安徽歙县并称为“保存最为完好的四大古城”。', '/asserts/img/viewImg/small3bb6c645c7922a9027dac1e08fd3777e1567645553.jpg');
INSERT INTO `view` VALUES (36405, '嵩山风景名胜区', '郑州', '多云', '·通称为中岳，中国五大名山之一，也是道教全真派圣地。\r\n·中部以少林河为界，东为太室山，西为少室山，绵延起伏于黄河南岸。\r\n·是中华文明的重要发源地，也是中国名胜风景区、世界地质公园。\r\n·山上有许多名寺名庙，四大书院之一的嵩阳书院就位于此地。', '/asserts/img/viewImg/598c51aa10ac7bbb96ca44559560944c.jpg');
INSERT INTO `view` VALUES (39075, '丽江', '丽江', '中雨', '丽江市区中心海拔高度为2418米，与同为第二批国家历史文化名城的四川阆中、山西平遥、安徽歙县并称为“保存最为完好的四大古城”。', '/asserts/img/viewImg/small3bb6c645c7922a9027dac1e08fd3777e1567645553.jpg');
INSERT INTO `view` VALUES (40986, '北京故宫', '北京', '晴', '故宫是每个中国人一生必去的地方之一，这里是中国古代宫廷建筑的精华所在，曾是明清两代皇帝的皇家宫殿，所以它代表着至高无上的权利，现在已经成为了世界文化遗产之一，景区内部建筑保存完好，在故宫中游览你可以完全感受到当时宫廷的肃穆庄严和繁盛。\r\n\r\n　　门票：旺季(4月1日~10月31日)：60.00元 淡季(11月1日~3月31日)\r\n\r\n　　开放时间：1. 旺季(4月1日~10月31日)：08:30~17:00 停止售票时间：16:00 停止入场时间：16:10 2. 淡季(11月1日~3月31日)：08:30~16:30 停止售票时间：15:30 停止入场时间：15:40 Tips：除法定节假日和暑期(7月1日~8月31日)外，故宫博物院全年实行周一下午闭馆的措施。每周一开馆时间为08:30~12:00，停止售票时间为11:00，停止检票时间为11:10，闭馆时间为12:00。\r\n\r\n　　地址：北京市东城区景山前街4号', '/asserts/img/viewImg/small3bb6c645c7922a9027dac1e08fd3777e1567645553.jpg');
INSERT INTO `view` VALUES (43275, '秦始皇兵马俑', '西安', '阴', '秦始皇兵马俑被称为世界第一大奇迹，规模巨大，气质恢宏，备受中外游客的关注，到这里游玩的时候可以找一个讲解员，一边游览一边了解历史背景和背后的故事能给人留下更深的记忆。\r\n\r\n　　门票：旺季(3月1日~11月31日)：150.00元 淡季(12月1日~2月28日)：120.00元\r\n\r\n　　开放时间：3月16日~11月14日： 8:30~17:30 11月15日~3月15日： 8:30~17:00\r\n\r\n　　地址：西安市临潼区临蓝路', '/asserts/img/viewImg/small3bb6c645c7922a9027dac1e08fd3777e1567645553.jpg');
INSERT INTO `view` VALUES (44612, '丽江', '丽江', '晴', '丽江市区中心海拔高度为2418米，与同为第二批国家历史文化名城的四川阆中、山西平遥、安徽歙县并称为“保存最为完好的四大古城”。', '/asserts/img/viewImg/small3bb6c645c7922a9027dac1e08fd3777e1567645553.jpg');
INSERT INTO `view` VALUES (48275, '香格里拉', '香格里拉', '多云', '香格里拉的天空号称是全国最美的天空之一，这里的空气十分清新，被称为离天堂最近的地方。浓郁的藏族民族特色也是香格里拉很吸引人的一点，广阔的草坪，神圣的雪山，幽深的峡谷，宁静的湖泊可以让你看到世界之大，忘却一切烦恼。\r\n\r\n　　门票：免费\r\n\r\n　　开放时间：全天\r\n\r\n　　地址：云南省西北部，邻接四川省', '/asserts/img/viewImg/6407071345cbdb5846de1014cc251eab.jpg');
INSERT INTO `view` VALUES (49322, '丽江', '丽江', '大雨', '丽江市区中心海拔高度为2418米，与同为第二批国家历史文化名城的四川阆中、山西平遥、安徽歙县并称为“保存最为完好的四大古城”。', '/asserts/img/viewImg/small3bb6c645c7922a9027dac1e08fd3777e1567645553.jpg');
INSERT INTO `view` VALUES (50527, '乌镇', '嘉兴', '晴', '中国美景10大排名第四是有“鱼米之乡”之称的乌镇，是国内典型的江南水乡小镇，镇中保存着原有的晚清和民国时期水乡古镇的格局和风貌，很适合坐着乌篷船穿行在各种的古朴建筑之中，感受难得的闲适。\r\n\r\n　　门票：东栅：100.00元 西栅：120.00元 联票(含东栅、西栅)：150.00元\r\n\r\n　　开放时间：夏季(5月1日-10月8日) 东栅：7:20-18:00;西栅：9:00-22:30 冬季(10月9日-4月30日) 东栅：7:20-17:30;西栅：9:00-22:00\r\n\r\n　　地址：浙江省嘉兴桐乡石佛南路18号', '/asserts/img/viewImg/smallb697d5151487ef327751127c10d7d6b81554126188.jpg');
INSERT INTO `view` VALUES (52742, '九寨沟', '四川', '多云', '九寨沟是一个集合了神秘、浪漫的地方，也是国内一生必去的10个地方，这里的湖水晶莹平静，五花海让人无不惊叹，还有参天的古树和野生动物，走在九寨沟中就仿佛步入了人间仙境。\r\n\r\n　　门票：旺季(04月01日~11月15日)：220.00元 淡季(11月16日~03月31日)：80.00元\r\n\r\n　　开放时间：旺季(04月01日~11月15日)：06:30~18:00 淡季(11月16日~03月31日)：06:30~17:00\r\n\r\n　　地址：四川省阿坝藏族羌族自治州九寨沟县', '/asserts/img/viewImg/dd9fdc8a9bce2e196281051bc1891360.jpg');
INSERT INTO `view` VALUES (55114, '.呼伦贝尔大草原', '呼伦巴尔', '小雨', '呼伦贝尔大草原一直都是中外闻名的旅游胜地，这里的环境生态保存完好，被称为“牧草王国”，草原干净纯粹、一望无际，大片的绿色净土使到此游玩的游客心旷神怡，感受天之大，世界十大，可以使人忘却自己的烦恼。\r\n\r\n　　门票：20.00元\r\n\r\n　　开放时间：全天开放\r\n\r\n　　地址：内蒙古呼伦巴尔市陈巴尔虎旗', '/asserts/img/viewImg/small88a0c2293416705dd1df2a618169d9ba1572793475.jpg');
INSERT INTO `view` VALUES (55992, '.呼伦贝尔大草原', '呼伦巴尔', '中雨', '呼伦贝尔大草原一直都是中外闻名的旅游胜地，这里的环境生态保存完好，被称为“牧草王国”，草原干净纯粹、一望无际，大片的绿色净土使到此游玩的游客心旷神怡，感受天之大，世界十大，可以使人忘却自己的烦恼。\r\n\r\n　　门票：20.00元\r\n\r\n　　开放时间：全天开放\r\n\r\n　　地址：内蒙古呼伦巴尔市陈巴尔虎旗', '/asserts/img/viewImg/small88a0c2293416705dd1df2a618169d9ba1572793475.jpg');
INSERT INTO `view` VALUES (57097, '银屿岛', '南海', '多云', '早上出海钓鱼拖钓或者拍照，下午浮潜抓鱼抓龙虾抓海胆，傍晚看夕阳吹风聊天，岛上居民也是超级热情，随便唠几句就能免费吃上最新鲜的海鲜。这片海和岛上的人，都让我一发不可收拾的爱上西沙！重点是人少人少人少，整个人都安静下来了，真的是世外桃源', '/asserts/img/viewImg/c6d42913c0440bdb5ffeec9c90236d66.jpg');
INSERT INTO `view` VALUES (59411, '秦始皇兵马俑', '西安', '小雨', '秦始皇兵马俑被称为世界第一大奇迹，规模巨大，气质恢宏，备受中外游客的关注，到这里游玩的时候可以找一个讲解员，一边游览一边了解历史背景和背后的故事能给人留下更深的记忆。\r\n\r\n　　门票：旺季(3月1日~11月31日)：150.00元 淡季(12月1日~2月28日)：120.00元\r\n\r\n　　开放时间：3月16日~11月14日： 8:30~17:30 11月15日~3月15日： 8:30~17:00\r\n\r\n　　地址：西安市临潼区临蓝路', '/asserts/img/viewImg/small3bb6c645c7922a9027dac1e08fd3777e1567645553.jpg');
INSERT INTO `view` VALUES (59761, '桂林漓江', '桂林', '多云', '桂林漓江风景区中有着“桂林山水甲天下”的精华，漓江本身仿佛一条青色的缎带蜿蜒在山谷之中，坐船游江是最好的感受漓江美的方法，你可以看到两侧奇峰倒影，层峦叠嶂，，被人们称作“百里画廊”。\r\n\r\n　　门票：旺季(4月~11月)：210.00元 淡季(12月~3月)：190.00元\r\n\r\n　　开放时间：旺季(4月~11月)：08:40~22:40 淡季(12月~3月)：08:40~21:40\r\n\r\n　　地址：桂林市东北兴安县猫儿山', '/asserts/img/viewImg/smallb697d5151487ef327751127c10d7d6b81554126188.jpg');
INSERT INTO `view` VALUES (61155, '九寨沟', '四川', '阴', '九寨沟是一个集合了神秘、浪漫的地方，也是国内一生必去的10个地方，这里的湖水晶莹平静，五花海让人无不惊叹，还有参天的古树和野生动物，走在九寨沟中就仿佛步入了人间仙境。\r\n\r\n　　门票：旺季(04月01日~11月15日)：220.00元 淡季(11月16日~03月31日)：80.00元\r\n\r\n　　开放时间：旺季(04月01日~11月15日)：06:30~18:00 淡季(11月16日~03月31日)：06:30~17:00\r\n\r\n　　地址：四川省阿坝藏族羌族自治州九寨沟县', '/asserts/img/viewImg/dd9fdc8a9bce2e196281051bc1891360.jpg');
INSERT INTO `view` VALUES (62769, '乌镇', '嘉兴', '多云', '中国美景10大排名第四是有“鱼米之乡”之称的乌镇，是国内典型的江南水乡小镇，镇中保存着原有的晚清和民国时期水乡古镇的格局和风貌，很适合坐着乌篷船穿行在各种的古朴建筑之中，感受难得的闲适。\r\n\r\n　　门票：东栅：100.00元 西栅：120.00元 联票(含东栅、西栅)：150.00元\r\n\r\n　　开放时间：夏季(5月1日-10月8日) 东栅：7:20-18:00;西栅：9:00-22:30 冬季(10月9日-4月30日) 东栅：7:20-17:30;西栅：9:00-22:00\r\n\r\n　　地址：浙江省嘉兴桐乡石佛南路18号', '/asserts/img/viewImg/smallb697d5151487ef327751127c10d7d6b81554126188.jpg');
INSERT INTO `view` VALUES (69497, '三亚', '三亚', '多云', '三亚市位于海南岛最南端，因三亚河(古名临川水)有三亚东西2河至此会合，成“丫”字形，故取名“三亚”，东邻陵水县，西接乐东县，北毗保亭县，南临南海及三沙市，陆地总面积1919.58平方公里，海域总面积6000平方公里，人口68.5万，是一个黎、苗、回、汉多民族聚居的地区。三亚是中国最南部的滨海旅游城市，是海南省南部的中心城市和交通通信枢纽，是中国东南沿海对外开放黄金海岸线上最南端的对外贸易重要口岸。', '/asserts/img/viewImg/small32f115ed6caaff1bdf4e395c7615333f1592234233.jpg');
INSERT INTO `view` VALUES (73268, '香格里拉', '香格里拉', '阴', '香格里拉的天空号称是全国最美的天空之一，这里的空气十分清新，被称为离天堂最近的地方。浓郁的藏族民族特色也是香格里拉很吸引人的一点，广阔的草坪，神圣的雪山，幽深的峡谷，宁静的湖泊可以让你看到世界之大，忘却一切烦恼。\r\n\r\n　　门票：免费\r\n\r\n　　开放时间：全天\r\n\r\n　　地址：云南省西北部，邻接四川省', '/asserts/img/viewImg/6407071345cbdb5846de1014cc251eab.jpg');
INSERT INTO `view` VALUES (74291, '张家界', '张家界', '多云', '说到张家界，可以说是山川情怀的圣地了，再加上星球上最奇特的喀斯特地貌，千柱石山奇，看完张家界不用再看其他地方的山了。我一共去过三次。\r\n\r\n第一次：跟团走费用比较贵，很多的时间用来逛商场，上了团还有各种乱七八糟的费用，也是玩的最不开心的一次。\r\n\r\n第二次：自己先攻略那自然是费时间，需要提前一个月就开始在网上找各种资料。需要了解那里的风俗，交通，酒店，门票等等，非一般的累，虽然最后玩起来很自由，但很少有人花那么多时间来查资料，特别麻烦的就是酒店和交通。\r\n\r\n第三次：这次是我在网上面找到了一个有口碑的自由行规划师冉冉，由她来制行程，安排酒店和门票，我们只管玩就是了，这种呢酒店、门票都帮你提前安排了哦，价格还比市面上的低一点点）', '/asserts/img/viewImg/small39234b42ec314a0dc35f39e9eaa9be331548216596.jpg');
INSERT INTO `view` VALUES (75825, '九寨沟', '四川', '晴', '九寨沟是一个集合了神秘、浪漫的地方，也是国内一生必去的10个地方，这里的湖水晶莹平静，五花海让人无不惊叹，还有参天的古树和野生动物，走在九寨沟中就仿佛步入了人间仙境。\r\n\r\n　　门票：旺季(04月01日~11月15日)：220.00元 淡季(11月16日~03月31日)：80.00元\r\n\r\n　　开放时间：旺季(04月01日~11月15日)：06:30~18:00 淡季(11月16日~03月31日)：06:30~17:00\r\n\r\n　　地址：四川省阿坝藏族羌族自治州九寨沟县', '/asserts/img/viewImg/dd9fdc8a9bce2e196281051bc1891360.jpg');
INSERT INTO `view` VALUES (76929, '马尔代夫奥静岛', '北海', '晴', '奥静岛位于马尔代夫马累环礁的西北部的圣吉利海滩，由著名的印度洋酒店品牌艾茉菲尔酒店集团（ Atmosphere Hotel &Resorts）经营管理，同时也是奥露岛（OBLU by Atmosphere）的姐妹酒店。奥静岛度假酒店为来马尔代夫的旅客提供了一个包罗万象的轻松的海滩度假体验。酒店内拥有各种“当代设计感”的独立别墅和套房，精选的餐厅和服务设施，是马尔代夫北马累环礁最美丽的岛屿之一。推荐理由：著名的印度洋酒店品牌艾茉菲尔酒店集团经营管理，宽敞的独立海滩和水上别墅 -（有些别墅含有附带私人泳池），升级的 THE SERENITY 一价全包计划，包括两个特色餐厅的精致餐饮体验 - JUST GRILL (特色烧烤餐厅)＆SIMPLYVEG（素食餐厅），以及别墅内可以免费使用的迷你吧！产品亮点：艾茉菲尔酒店集团旗下豪华五星岛屿，一价全包，省心，性价比高，2018年07月正式开业，设施新，开业促销给力。和姐妹岛奥露快艇衔接仅需20分钟，适合双岛游，岛上提供儿童俱乐部，设有专门的蜜月水上套房，适合家庭亲子游和蜜月游度假', '/asserts/img/viewImg/c3b995f1c15ec9c016fcdca56cffb147.jpg');
INSERT INTO `view` VALUES (77107, '秦始皇兵马俑', '西安', '大雨', '秦始皇兵马俑被称为世界第一大奇迹，规模巨大，气质恢宏，备受中外游客的关注，到这里游玩的时候可以找一个讲解员，一边游览一边了解历史背景和背后的故事能给人留下更深的记忆。\r\n\r\n　　门票：旺季(3月1日~11月31日)：150.00元 淡季(12月1日~2月28日)：120.00元\r\n\r\n　　开放时间：3月16日~11月14日： 8:30~17:30 11月15日~3月15日： 8:30~17:00\r\n\r\n　　地址：西安市临潼区临蓝路', '/asserts/img/viewImg/small3bb6c645c7922a9027dac1e08fd3777e1567645553.jpg');
INSERT INTO `view` VALUES (78376, '秦始皇兵马俑', '西安', '晴', '秦始皇兵马俑被称为世界第一大奇迹，规模巨大，气质恢宏，备受中外游客的关注，到这里游玩的时候可以找一个讲解员，一边游览一边了解历史背景和背后的故事能给人留下更深的记忆。\r\n\r\n　　门票：旺季(3月1日~11月31日)：150.00元 淡季(12月1日~2月28日)：120.00元\r\n\r\n　　开放时间：3月16日~11月14日： 8:30~17:30 11月15日~3月15日： 8:30~17:00\r\n\r\n　　地址：西安市临潼区临蓝路', '/asserts/img/viewImg/small3bb6c645c7922a9027dac1e08fd3777e1567645553.jpg');
INSERT INTO `view` VALUES (80264, '乌镇', '嘉兴', '阴', '中国美景10大排名第四是有“鱼米之乡”之称的乌镇，是国内典型的江南水乡小镇，镇中保存着原有的晚清和民国时期水乡古镇的格局和风貌，很适合坐着乌篷船穿行在各种的古朴建筑之中，感受难得的闲适。\r\n\r\n　　门票：东栅：100.00元 西栅：120.00元 联票(含东栅、西栅)：150.00元\r\n\r\n　　开放时间：夏季(5月1日-10月8日) 东栅：7:20-18:00;西栅：9:00-22:30 冬季(10月9日-4月30日) 东栅：7:20-17:30;西栅：9:00-22:00\r\n\r\n　　地址：浙江省嘉兴桐乡石佛南路18号', '/asserts/img/viewImg/smallb697d5151487ef327751127c10d7d6b81554126188.jpg');
INSERT INTO `view` VALUES (80291, '.呼伦贝尔大草原', '呼伦巴尔', '大雨', '呼伦贝尔大草原一直都是中外闻名的旅游胜地，这里的环境生态保存完好，被称为“牧草王国”，草原干净纯粹、一望无际，大片的绿色净土使到此游玩的游客心旷神怡，感受天之大，世界十大，可以使人忘却自己的烦恼。\r\n\r\n　　门票：20.00元\r\n\r\n　　开放时间：全天开放\r\n\r\n　　地址：内蒙古呼伦巴尔市陈巴尔虎旗', '/asserts/img/viewImg/small88a0c2293416705dd1df2a618169d9ba1572793475.jpg');
INSERT INTO `view` VALUES (90159, '秦始皇兵马俑', '西安', '中雨', '秦始皇兵马俑被称为世界第一大奇迹，规模巨大，气质恢宏，备受中外游客的关注，到这里游玩的时候可以找一个讲解员，一边游览一边了解历史背景和背后的故事能给人留下更深的记忆。\r\n\r\n　　门票：旺季(3月1日~11月31日)：150.00元 淡季(12月1日~2月28日)：120.00元\r\n\r\n　　开放时间：3月16日~11月14日： 8:30~17:30 11月15日~3月15日： 8:30~17:00\r\n\r\n　　地址：西安市临潼区临蓝路', '/asserts/img/viewImg/small3bb6c645c7922a9027dac1e08fd3777e1567645553.jpg');

SET FOREIGN_KEY_CHECKS = 1;
